{
  "feature_cols": [
    "match_mass",
    "observed_note_score",
    "loglike_norm",
    "extra_mass",
    "complexity_pen",
    "match_diff_norm",
    "primary_score",
    "salience_norm",
    "melody_dist_0",
    "melody_dist_1",
    "melody_dist_2",
    "melody_dist_3",
    "melody_dist_4",
    "melody_dist_5",
    "melody_dist_6",
    "melody_dist_7",
    "melody_dist_8",
    "melody_dist_9",
    "melody_dist_10",
    "melody_dist_11",
    "accomp_dist_0",
    "accomp_dist_1",
    "accomp_dist_2",
    "accomp_dist_3",
    "accomp_dist_4",
    "accomp_dist_5",
    "accomp_dist_6",
    "accomp_dist_7",
    "accomp_dist_8",
    "accomp_dist_9",
    "accomp_dist_10",
    "accomp_dist_11",
    "valley_penalty"
  ],
  "weights": [
    3.6292410288605885,
    0.8235194320692177,
    5.923302112066426,
    -3.6292410288605894,
    0.6187426398181429,
    -1.1548669596038188,
    0.09426361052017651,
    2.3335474673898684,
    1.7710606251201664,
    0.9811431029937672,
    -1.0991996319324335,
    -1.4924604302793105,
    0.7059761096460734,
    -0.5123422874700111,
    -0.4604563653524163,
    -0.3910640632905173,
    -0.26851795298953607,
    -0.18497432738185382,
    0.08998098956077773,
    0.860854231375292,
    0.6303771178974611,
    0.5426061815199331,
    -0.714717358540365,
    1.5366119259498023,
    0.3448308986086118,
    1.0164397814691322,
    -0.5358876892438881,
    1.419147812613408,
    0.21637439938897948,
    -0.7978940351189932,
    -1.9291401052008186,
    -1.7287489293433502,
    -0.2598445642784025
  ],
  "metrics_after": {
    "mrr": 0.55494320672165,
    "top1": 0.435634328358209,
    "top3": 0.6203358208955224,
    "top5": 0.6986940298507462,
    "top10": 0.792910447761194,
    "median_rank": 2,
    "mean_rank": 24.988805970149254,
    "n_songs": 1072
  }
}