{
  "Match Mass": 4.420552322319774,
  "Extra Mass": -6.959713200160782,
  "Presence": 1.3489861089834416,
  "LogLike": 18.10761806012213,
  "Complexity": 0.14271575892036875,
  "Size Diff": -0.0886822278702208
}